,행정동명,일자,강수량,침수여부,펌프장최소거리,우수저류장최소거리,경사도(합계),경사도(평균),경사도(최소값),경사도(최대값),경사도(최대-최소),고도(평균값),고도(최소값),고도(최대값),고도(최대-최소)
0,가음정동,2012-09-17,35.0,0,8590.891138372117,,891.6402267,2.456309165,0.0304965395,16.83312225,16.80262571,36.40282546,12.88105679,86.23506927,73.35401249
1,가음정동,2012-09-18,0.0,0,8590.891138372117,,891.6402267,2.456309165,0.0304965395,16.83312225,16.80262571,36.40282546,12.88105679,86.23506927,73.35401249
2,가음정동,2012-09-19,0.0,0,8590.891138372117,,891.6402267,2.456309165,0.0304965395,16.83312225,16.80262571,36.40282546,12.88105679,86.23506927,73.35401249
3,가음정동,2014-08-25,68.0,0,8590.891138372117,,891.6402267,2.456309165,0.0304965395,16.83312225,16.80262571,36.40282546,12.88105679,86.23506927,73.35401249
4,가음정동,2016-10-05,94.9,0,8590.891138372117,11178.59920005031,891.6402267,2.456309165,0.0304965395,16.83312225,16.80262571,36.40282546,12.88105679,86.23506927,73.35401249
5,가음정동,2019-10-02,46.0,0,8590.891138372117,10103.15328703051,891.6402267,2.456309165,0.0304965395,16.83312225,16.80262571,36.40282546,12.88105679,86.23506927,73.35401249
6,가음정동,2019-10-03,0.0,0,8590.891138372117,10103.15328703051,891.6402267,2.456309165,0.0304965395,16.83312225,16.80262571,36.40282546,12.88105679,86.23506927,73.35401249
7,가포동,2012-09-17,21.0,0,10714.369284915938,,7638.777283,11.41820222,0.0,30.67119408,30.67119408,61.55622324,0.0,291.139679,291.139679
8,가포동,2012-09-18,0.0,0,10714.369284915938,,7638.777283,11.41820222,0.0,30.67119408,30.67119408,61.55622324,0.0,291.139679,291.139679
9,가포동,2012-09-19,0.0,0,10714.369284915938,,7638.777283,11.41820222,0.0,30.67119408,30.67119408,61.55622324,0.0,291.139679,291.139679
10,가포동,2014-08-25,80.0,0,10714.369284915938,,7638.777283,11.41820222,0.0,30.67119408,30.67119408,61.55622324,0.0,291.139679,291.139679
11,가포동,2016-10-05,72.0,0,10714.369284915938,11553.41533435639,7638.777283,11.41820222,0.0,30.67119408,30.67119408,61.55622324,0.0,291.139679,291.139679
12,가포동,2019-10-02,73.3,0,10714.369284915938,11553.41533435639,7638.777283,11.41820222,0.0,30.67119408,30.67119408,61.55622324,0.0,291.139679,291.139679
13,가포동,2019-10-03,0.0,0,10714.369284915938,11553.41533435639,7638.777283,11.41820222,0.0,30.67119408,30.67119408,61.55622324,0.0,291.139679,291.139679
14,경화동,2012-09-17,20.0,0,13688.780137258527,,4314.106344,11.41297975,0.105842799,43.02978516,42.92394236,121.1099257,0.0,540.6673584,540.6673584
15,경화동,2012-09-18,0.0,0,13688.780137258527,,4314.106344,11.41297975,0.105842799,43.02978516,42.92394236,121.1099257,0.0,540.6673584,540.6673584
16,경화동,2012-09-19,0.0,0,13688.780137258527,,4314.106344,11.41297975,0.105842799,43.02978516,42.92394236,121.1099257,0.0,540.6673584,540.6673584
17,경화동,2014-08-25,49.0,0,13688.780137258527,,4314.106344,11.41297975,0.105842799,43.02978516,42.92394236,121.1099257,0.0,540.6673584,540.6673584
18,경화동,2016-10-05,77.4,0,13688.780137258527,16475.11470959525,4314.106344,11.41297975,0.105842799,43.02978516,42.92394236,121.1099257,0.0,540.6673584,540.6673584
19,경화동,2019-10-02,23.5,0,13688.780137258527,14333.417880812123,4314.106344,11.41297975,0.105842799,43.02978516,42.92394236,121.1099257,0.0,540.6673584,540.6673584
20,경화동,2019-10-03,0.0,0,13688.780137258527,14333.417880812123,4314.106344,11.41297975,0.105842799,43.02978516,42.92394236,121.1099257,0.0,540.6673584,540.6673584
21,교방동,2012-09-17,23.0,0,2960.2456707735287,,5088.170476,15.41869841,0.623370647,37.9533844,37.33001375,237.8315039,16.67021179,650.5167236,633.8465118
22,교방동,2012-09-18,0.0,0,2960.2456707735287,,5088.170476,15.41869841,0.623370647,37.9533844,37.33001375,237.8315039,16.67021179,650.5167236,633.8465118
23,교방동,2012-09-19,0.0,0,2960.2456707735287,,5088.170476,15.41869841,0.623370647,37.9533844,37.33001375,237.8315039,16.67021179,650.5167236,633.8465118
24,교방동,2014-08-25,77.0,0,2960.2456707735287,,5088.170476,15.41869841,0.623370647,37.9533844,37.33001375,237.8315039,16.67021179,650.5167236,633.8465118
25,교방동,2016-10-05,78.4,0,2960.2456707735287,4551.090789442276,5088.170476,15.41869841,0.623370647,37.9533844,37.33001375,237.8315039,16.67021179,650.5167236,633.8465118
26,교방동,2019-10-02,73.3,0,2960.2456707735287,4551.090789442276,5088.170476,15.41869841,0.623370647,37.9533844,37.33001375,237.8315039,16.67021179,650.5167236,633.8465118
27,교방동,2019-10-03,0.0,0,2960.2456707735287,4551.090789442276,5088.170476,15.41869841,0.623370647,37.9533844,37.33001375,237.8315039,16.67021179,650.5167236,633.8465118
28,구산면,2012-09-17,20.0,0,2793.500313234495,,70318.6612,12.8647386,0.0,35.55501175,35.55501175,65.9873876,0.0,272.0334473,272.0334473
29,구산면,2012-09-18,0.0,1,2793.500313234495,,70318.6612,12.8647386,0.0,35.55501175,35.55501175,65.9873876,0.0,272.0334473,272.0334473
30,구산면,2012-09-19,0.0,1,2793.500313234495,,70318.6612,12.8647386,0.0,35.55501175,35.55501175,65.9873876,0.0,272.0334473,272.0334473
31,구산면,2014-08-25,98.0,0,2793.500313234495,,70318.6612,12.8647386,0.0,35.55501175,35.55501175,65.9873876,0.0,272.0334473,272.0334473
32,구산면,2016-10-05,65.0,0,2793.500313234495,3476.3683591746308,70318.6612,12.8647386,0.0,35.55501175,35.55501175,65.9873876,0.0,272.0334473,272.0334473
33,구산면,2019-10-02,73.3,0,2793.500313234495,3476.3683591746308,70318.6612,12.8647386,0.0,35.55501175,35.55501175,65.9873876,0.0,272.0334473,272.0334473
34,구산면,2019-10-03,0.0,0,2793.500313234495,3476.3683591746308,70318.6612,12.8647386,0.0,35.55501175,35.55501175,65.9873876,0.0,272.0334473,272.0334473
35,구암1동,2012-09-17,25.0,0,2247.24843672158,,4055.344005,13.98394484,0.328304052,35.98303604,35.65473199,162.0200687,30.63472557,483.1031189,452.4683933
36,구암1동,2012-09-18,0.0,0,2247.24843672158,,4055.344005,13.98394484,0.328304052,35.98303604,35.65473199,162.0200687,30.63472557,483.1031189,452.4683933
37,구암1동,2012-09-19,0.0,0,2247.24843672158,,4055.344005,13.98394484,0.328304052,35.98303604,35.65473199,162.0200687,30.63472557,483.1031189,452.4683933
38,구암1동,2014-08-25,71.0,0,2247.24843672158,,4055.344005,13.98394484,0.328304052,35.98303604,35.65473199,162.0200687,30.63472557,483.1031189,452.4683933
39,구암1동,2016-10-05,68.6,0,2247.24843672158,5450.439570897651,4055.344005,13.98394484,0.328304052,35.98303604,35.65473199,162.0200687,30.63472557,483.1031189,452.4683933
40,구암1동,2019-10-02,46.0,1,2247.24843672158,4599.889098368673,4055.344005,13.98394484,0.328304052,35.98303604,35.65473199,162.0200687,30.63472557,483.1031189,452.4683933
41,구암1동,2019-10-03,0.0,1,2247.24843672158,4599.889098368673,4055.344005,13.98394484,0.328304052,35.98303604,35.65473199,162.0200687,30.63472557,483.1031189,452.4683933
42,구암2동,2012-09-17,25.0,0,4018.6601519855926,,495.2332584,5.212981668,0.371279716,19.35428429,18.98300457,54.46611025,26.93865395,128.7934418,101.8547878
43,구암2동,2012-09-18,0.0,0,4018.6601519855926,,495.2332584,5.212981668,0.371279716,19.35428429,18.98300457,54.46611025,26.93865395,128.7934418,101.8547878
44,구암2동,2012-09-19,0.0,0,4018.6601519855926,,495.2332584,5.212981668,0.371279716,19.35428429,18.98300457,54.46611025,26.93865395,128.7934418,101.8547878
45,구암2동,2014-08-25,71.0,0,4018.6601519855926,,495.2332584,5.212981668,0.371279716,19.35428429,18.98300457,54.46611025,26.93865395,128.7934418,101.8547878
46,구암2동,2016-10-05,68.6,0,4018.6601519855926,7437.5570962115635,495.2332584,5.212981668,0.371279716,19.35428429,18.98300457,54.46611025,26.93865395,128.7934418,101.8547878
47,구암2동,2019-10-02,46.0,1,4018.6601519855926,4283.817090187235,495.2332584,5.212981668,0.371279716,19.35428429,18.98300457,54.46611025,26.93865395,128.7934418,101.8547878
48,구암2동,2019-10-03,0.0,1,4018.6601519855926,4283.817090187235,495.2332584,5.212981668,0.371279716,19.35428429,18.98300457,54.46611025,26.93865395,128.7934418,101.8547878
49,내서읍,2012-09-17,25.0,0,4383.829542550205,,111022.2747,16.02746856,0.0315935574,40.25296402,40.22137046,237.1042321,41.69382095,732.3024902,690.6086693
50,내서읍,2012-09-18,0.0,0,4383.829542550205,,111022.2747,16.02746856,0.0315935574,40.25296402,40.22137046,237.1042321,41.69382095,732.3024902,690.6086693
51,내서읍,2012-09-19,0.0,0,4383.829542550205,,111022.2747,16.02746856,0.0315935574,40.25296402,40.22137046,237.1042321,41.69382095,732.3024902,690.6086693
52,내서읍,2014-08-25,64.0,0,4383.829542550205,,111022.2747,16.02746856,0.0315935574,40.25296402,40.22137046,237.1042321,41.69382095,732.3024902,690.6086693
53,내서읍,2016-10-05,52.6,0,4383.829542550205,7671.443226138659,111022.2747,16.02746856,0.0315935574,40.25296402,40.22137046,237.1042321,41.69382095,732.3024902,690.6086693
54,내서읍,2019-10-02,73.3,0,4383.829542550205,1844.4174412687496,111022.2747,16.02746856,0.0315935574,40.25296402,40.22137046,237.1042321,41.69382095,732.3024902,690.6086693
55,내서읍,2019-10-03,0.0,0,4383.829542550205,1844.4174412687496,111022.2747,16.02746856,0.0315935574,40.25296402,40.22137046,237.1042321,41.69382095,732.3024902,690.6086693
56,대산면,2012-09-17,31.0,0,3513.579013823353,,2793.68696,0.670753172,0.00107266603,15.4106226,15.40954993,5.701854473,0.494853318,66.25815582,65.76330251
57,대산면,2012-09-18,0.0,0,3513.579013823353,,2793.68696,0.670753172,0.00107266603,15.4106226,15.40954993,5.701854473,0.494853318,66.25815582,65.76330251
58,대산면,2012-09-19,0.0,0,3513.579013823353,,2793.68696,0.670753172,0.00107266603,15.4106226,15.40954993,5.701854473,0.494853318,66.25815582,65.76330251
59,대산면,2014-08-25,56.0,0,3513.579013823353,,2793.68696,0.670753172,0.00107266603,15.4106226,15.40954993,5.701854473,0.494853318,66.25815582,65.76330251
60,대산면,2016-10-05,55.4,0,3513.579013823353,6943.110642328901,2793.68696,0.670753172,0.00107266603,15.4106226,15.40954993,5.701854473,0.494853318,66.25815582,65.76330251
61,대산면,2019-10-02,33.0,0,3513.579013823353,2552.48648791225,2793.68696,0.670753172,0.00107266603,15.4106226,15.40954993,5.701854473,0.494853318,66.25815582,65.76330251
62,대산면,2019-10-03,0.0,0,3513.579013823353,2552.48648791225,2793.68696,0.670753172,0.00107266603,15.4106226,15.40954993,5.701854473,0.494853318,66.25815582,65.76330251
63,덕산동,2012-09-17,20.0,0,3450.016212234761,,2022.274581,5.844724221,0.025704179,25.68916512,25.66346094,63.68641117,0.0,479.7689209,479.7689209
64,덕산동,2012-09-18,0.0,0,3450.016212234761,,2022.274581,5.844724221,0.025704179,25.68916512,25.66346094,63.68641117,0.0,479.7689209,479.7689209
65,덕산동,2012-09-19,0.0,0,3450.016212234761,,2022.274581,5.844724221,0.025704179,25.68916512,25.66346094,63.68641117,0.0,479.7689209,479.7689209
66,덕산동,2014-08-25,49.0,0,3450.016212234761,,2022.274581,5.844724221,0.025704179,25.68916512,25.66346094,63.68641117,0.0,479.7689209,479.7689209
67,덕산동,2016-10-05,77.4,0,3450.016212234761,6722.352964732549,2022.274581,5.844724221,0.025704179,25.68916512,25.66346094,63.68641117,0.0,479.7689209,479.7689209
68,덕산동,2019-10-02,23.5,0,3450.016212234761,851.0548503277581,2022.274581,5.844724221,0.025704179,25.68916512,25.66346094,63.68641117,0.0,479.7689209,479.7689209
69,덕산동,2019-10-03,0.0,0,3450.016212234761,851.0548503277581,2022.274581,5.844724221,0.025704179,25.68916512,25.66346094,63.68641117,0.0,479.7689209,479.7689209
70,동읍,2012-09-17,30.0,0,4490.820427923042,,52734.34606,7.165966308,0.000884812558,38.1036911,38.10280629,60.90041077,0.495977014,542.1727295,541.6767525
71,동읍,2012-09-18,0.0,0,4490.820427923042,,52734.34606,7.165966308,0.000884812558,38.1036911,38.10280629,60.90041077,0.495977014,542.1727295,541.6767525
72,동읍,2012-09-19,0.0,0,4490.820427923042,,52734.34606,7.165966308,0.000884812558,38.1036911,38.10280629,60.90041077,0.495977014,542.1727295,541.6767525
73,동읍,2014-08-25,60.0,1,4490.820427923042,,52734.34606,7.165966308,0.000884812558,38.1036911,38.10280629,60.90041077,0.495977014,542.1727295,541.6767525
74,동읍,2016-10-05,78.7,0,4490.820427923042,7978.628642910493,52734.34606,7.165966308,0.000884812558,38.1036911,38.10280629,60.90041077,0.495977014,542.1727295,541.6767525
75,동읍,2019-10-02,33.0,0,4490.820427923042,1042.5258235701558,52734.34606,7.165966308,0.000884812558,38.1036911,38.10280629,60.90041077,0.495977014,542.1727295,541.6767525
76,동읍,2019-10-03,0.0,0,4490.820427923042,1042.5258235701558,52734.34606,7.165966308,0.000884812558,38.1036911,38.10280629,60.90041077,0.495977014,542.1727295,541.6767525
77,명곡동,2012-09-17,35.0,0,5884.050606738819,,6030.339593,7.537924491,0.0344175957,24.38977814,24.35536054,55.025928,2.944926739,240.1917267,237.2467999
78,명곡동,2012-09-18,0.0,0,5884.050606738819,,6030.339593,7.537924491,0.0344175957,24.38977814,24.35536054,55.025928,2.944926739,240.1917267,237.2467999
79,명곡동,2012-09-19,0.0,0,5884.050606738819,,6030.339593,7.537924491,0.0344175957,24.38977814,24.35536054,55.025928,2.944926739,240.1917267,237.2467999
80,명곡동,2014-08-25,74.0,0,5884.050606738819,,6030.339593,7.537924491,0.0344175957,24.38977814,24.35536054,55.025928,2.944926739,240.1917267,237.2467999
81,명곡동,2016-10-05,91.8,0,5884.050606738819,9263.904907246006,6030.339593,7.537924491,0.0344175957,24.38977814,24.35536054,55.025928,2.944926739,240.1917267,237.2467999
82,명곡동,2019-10-02,46.0,0,5884.050606738819,2464.7847676736765,6030.339593,7.537924491,0.0344175957,24.38977814,24.35536054,55.025928,2.944926739,240.1917267,237.2467999
83,명곡동,2019-10-03,0.0,0,5884.050606738819,2464.7847676736765,6030.339593,7.537924491,0.0344175957,24.38977814,24.35536054,55.025928,2.944926739,240.1917267,237.2467999
84,문화동,2012-09-17,23.0,0,4720.876129491926,,2602.380279,9.036042637,0.0,32.7889328,32.7889328,94.91914523,0.0,481.068512,481.068512
85,문화동,2012-09-18,0.0,0,4720.876129491926,,2602.380279,9.036042637,0.0,32.7889328,32.7889328,94.91914523,0.0,481.068512,481.068512
86,문화동,2012-09-19,0.0,0,4720.876129491926,,2602.380279,9.036042637,0.0,32.7889328,32.7889328,94.91914523,0.0,481.068512,481.068512
87,문화동,2014-08-25,77.0,0,4720.876129491926,,2602.380279,9.036042637,0.0,32.7889328,32.7889328,94.91914523,0.0,481.068512,481.068512
88,문화동,2016-10-05,78.4,0,4720.876129491926,8363.970511281583,2602.380279,9.036042637,0.0,32.7889328,32.7889328,94.91914523,0.0,481.068512,481.068512
89,문화동,2019-10-02,73.3,0,4720.876129491926,1582.366275806274,2602.380279,9.036042637,0.0,32.7889328,32.7889328,94.91914523,0.0,481.068512,481.068512
90,문화동,2019-10-03,0.0,0,4720.876129491926,1582.366275806274,2602.380279,9.036042637,0.0,32.7889328,32.7889328,94.91914523,0.0,481.068512,481.068512
91,반송동,2012-09-17,35.0,0,6658.614567780847,,881.1706504,3.469175789,0.037014544,15.65355015,15.6165356,24.39133575,4.540642738,94.31134033,89.77069759
92,반송동,2012-09-18,0.0,0,6658.614567780847,,881.1706504,3.469175789,0.037014544,15.65355015,15.6165356,24.39133575,4.540642738,94.31134033,89.77069759
93,반송동,2012-09-19,0.0,0,6658.614567780847,,881.1706504,3.469175789,0.037014544,15.65355015,15.6165356,24.39133575,4.540642738,94.31134033,89.77069759
94,반송동,2014-08-25,69.0,0,6658.614567780847,,881.1706504,3.469175789,0.037014544,15.65355015,15.6165356,24.39133575,4.540642738,94.31134033,89.77069759
95,반송동,2016-10-05,96.9,0,6658.614567780847,10344.28730113981,881.1706504,3.469175789,0.037014544,15.65355015,15.6165356,24.39133575,4.540642738,94.31134033,89.77069759
96,반송동,2019-10-02,46.0,0,6658.614567780847,3864.936435372788,881.1706504,3.469175789,0.037014544,15.65355015,15.6165356,24.39133575,4.540642738,94.31134033,89.77069759
97,반송동,2019-10-03,0.0,0,6658.614567780847,3864.936435372788,881.1706504,3.469175789,0.037014544,15.65355015,15.6165356,24.39133575,4.540642738,94.31134033,89.77069759
98,병암동,2012-09-17,20.0,0,1945.3615146677496,,930.4962146,7.565009875,0.136278763,31.60636711,31.47008835,57.11619623,1.493467093,346.7323914,345.2389243
99,병암동,2012-09-18,0.0,0,1945.3615146677496,,930.4962146,7.565009875,0.136278763,31.60636711,31.47008835,57.11619623,1.493467093,346.7323914,345.2389243
100,병암동,2012-09-19,0.0,0,1945.3615146677496,,930.4962146,7.565009875,0.136278763,31.60636711,31.47008835,57.11619623,1.493467093,346.7323914,345.2389243
101,병암동,2014-08-25,49.0,0,1945.3615146677496,,930.4962146,7.565009875,0.136278763,31.60636711,31.47008835,57.11619623,1.493467093,346.7323914,345.2389243
102,병암동,2016-10-05,77.4,0,1945.3615146677496,5620.027428362134,930.4962146,7.565009875,0.136278763,31.60636711,31.47008835,57.11619623,1.493467093,346.7323914,345.2389243
103,병암동,2019-10-02,23.5,0,1945.3615146677496,1695.6174484078144,930.4962146,7.565009875,0.136278763,31.60636711,31.47008835,57.11619623,1.493467093,346.7323914,345.2389243
104,병암동,2019-10-03,0.0,0,1945.3615146677496,1695.6174484078144,930.4962146,7.565009875,0.136278763,31.60636711,31.47008835,57.11619623,1.493467093,346.7323914,345.2389243
105,봉림동,2012-09-17,35.0,0,11345.605166398946,,17801.07158,11.75764305,0.131269038,40.65014648,40.51887745,133.4512241,3.855075836,515.145813,511.2907372
106,봉림동,2012-09-18,0.0,0,11345.605166398946,,17801.07158,11.75764305,0.131269038,40.65014648,40.51887745,133.4512241,3.855075836,515.145813,511.2907372
107,봉림동,2012-09-19,0.0,0,11345.605166398946,,17801.07158,11.75764305,0.131269038,40.65014648,40.51887745,133.4512241,3.855075836,515.145813,511.2907372
108,봉림동,2014-08-25,69.0,0,11345.605166398946,,17801.07158,11.75764305,0.131269038,40.65014648,40.51887745,133.4512241,3.855075836,515.145813,511.2907372
109,봉림동,2016-10-05,96.9,0,11345.605166398946,14637.830237470302,17801.07158,11.75764305,0.131269038,40.65014648,40.51887745,133.4512241,3.855075836,515.145813,511.2907372
110,봉림동,2019-10-02,46.0,0,11345.605166398946,14637.830237470302,17801.07158,11.75764305,0.131269038,40.65014648,40.51887745,133.4512241,3.855075836,515.145813,511.2907372
111,봉림동,2019-10-03,0.0,0,11345.605166398946,14637.830237470302,17801.07158,11.75764305,0.131269038,40.65014648,40.51887745,133.4512241,3.855075836,515.145813,511.2907372
112,봉암동,2012-09-17,23.0,0,9378.799647488086,,9840.334158,12.34671789,0.00842536241,37.72087097,37.71244561,87.73101113,0.0,303.2374268,303.2374268
113,봉암동,2012-09-18,0.0,0,9378.799647488086,,9840.334158,12.34671789,0.00842536241,37.72087097,37.71244561,87.73101113,0.0,303.2374268,303.2374268
114,봉암동,2012-09-19,0.0,0,9378.799647488086,,9840.334158,12.34671789,0.00842536241,37.72087097,37.71244561,87.73101113,0.0,303.2374268,303.2374268
115,봉암동,2014-08-25,77.0,1,9378.799647488086,,9840.334158,12.34671789,0.00842536241,37.72087097,37.71244561,87.73101113,0.0,303.2374268,303.2374268
116,봉암동,2016-10-05,78.4,0,9378.799647488086,13102.78006842348,9840.334158,12.34671789,0.00842536241,37.72087097,37.71244561,87.73101113,0.0,303.2374268,303.2374268
117,봉암동,2019-10-02,73.3,0,9378.799647488086,13102.78006842348,9840.334158,12.34671789,0.00842536241,37.72087097,37.71244561,87.73101113,0.0,303.2374268,303.2374268
118,봉암동,2019-10-03,0.0,0,9378.799647488086,13102.78006842348,9840.334158,12.34671789,0.00842536241,37.72087097,37.71244561,87.73101113,0.0,303.2374268,303.2374268
119,북면,2012-09-17,26.0,1,11819.627342175814,,101057.0468,11.07595866,0.00822186004,41.51128006,41.5030582,94.18144691,0.446582824,616.6000366,616.1534538
120,북면,2012-09-18,0.0,1,11819.627342175814,,101057.0468,11.07595866,0.00822186004,41.51128006,41.5030582,94.18144691,0.446582824,616.6000366,616.1534538
121,북면,2012-09-19,0.0,0,11819.627342175814,,101057.0468,11.07595866,0.00822186004,41.51128006,41.5030582,94.18144691,0.446582824,616.6000366,616.1534538
122,북면,2014-08-25,52.0,1,11819.627342175814,,101057.0468,11.07595866,0.00822186004,41.51128006,41.5030582,94.18144691,0.446582824,616.6000366,616.1534538
123,북면,2016-10-05,36.8,0,11819.627342175814,15170.511411264766,101057.0468,11.07595866,0.00822186004,41.51128006,41.5030582,94.18144691,0.446582824,616.6000366,616.1534538
124,북면,2019-10-02,53.0,0,11819.627342175814,15170.511411264766,101057.0468,11.07595866,0.00822186004,41.51128006,41.5030582,94.18144691,0.446582824,616.6000366,616.1534538
125,북면,2019-10-03,0.0,0,11819.627342175814,15170.511411264766,101057.0468,11.07595866,0.00822186004,41.51128006,41.5030582,94.18144691,0.446582824,616.6000366,616.1534538
126,사파동,2012-09-17,35.0,0,17370.90451776455,,14607.27971,14.49134891,0.877562106,38.78961182,37.91204971,209.1953431,28.19293976,627.4434204,599.2504807
127,사파동,2012-09-18,0.0,0,17370.90451776455,,14607.27971,14.49134891,0.877562106,38.78961182,37.91204971,209.1953431,28.19293976,627.4434204,599.2504807
128,사파동,2012-09-19,0.0,0,17370.90451776455,,14607.27971,14.49134891,0.877562106,38.78961182,37.91204971,209.1953431,28.19293976,627.4434204,599.2504807
129,사파동,2014-08-25,68.0,0,17370.90451776455,,14607.27971,14.49134891,0.877562106,38.78961182,37.91204971,209.1953431,28.19293976,627.4434204,599.2504807
130,사파동,2016-10-05,94.9,0,17370.90451776455,20631.568880941937,14607.27971,14.49134891,0.877562106,38.78961182,37.91204971,209.1953431,28.19293976,627.4434204,599.2504807
131,사파동,2019-10-02,46.0,0,17370.90451776455,20631.568880941937,14607.27971,14.49134891,0.877562106,38.78961182,37.91204971,209.1953431,28.19293976,627.4434204,599.2504807
132,사파동,2019-10-03,0.0,0,17370.90451776455,20631.568880941937,14607.27971,14.49134891,0.877562106,38.78961182,37.91204971,209.1953431,28.19293976,627.4434204,599.2504807
133,산호동,2012-09-17,23.0,0,6499.468560511247,,306.6177618,2.71343152,0.108492047,14.46318531,14.35469326,11.18751355,0.358156651,62.65886688,62.30071023
134,산호동,2012-09-18,0.0,0,6499.468560511247,,306.6177618,2.71343152,0.108492047,14.46318531,14.35469326,11.18751355,0.358156651,62.65886688,62.30071023
135,산호동,2012-09-19,0.0,0,6499.468560511247,,306.6177618,2.71343152,0.108492047,14.46318531,14.35469326,11.18751355,0.358156651,62.65886688,62.30071023
136,산호동,2014-08-25,77.0,0,6499.468560511247,,306.6177618,2.71343152,0.108492047,14.46318531,14.35469326,11.18751355,0.358156651,62.65886688,62.30071023
137,산호동,2016-10-05,78.4,0,6499.468560511247,10201.542056123091,306.6177618,2.71343152,0.108492047,14.46318531,14.35469326,11.18751355,0.358156651,62.65886688,62.30071023
138,산호동,2019-10-02,73.3,0,6499.468560511247,10201.542056123091,306.6177618,2.71343152,0.108492047,14.46318531,14.35469326,11.18751355,0.358156651,62.65886688,62.30071023
139,산호동,2019-10-03,0.0,0,6499.468560511247,10201.542056123091,306.6177618,2.71343152,0.108492047,14.46318531,14.35469326,11.18751355,0.358156651,62.65886688,62.30071023
140,상남동,2012-09-17,35.0,0,4134.816861369285,,302.3428792,2.099603328,0.239461437,9.354916573,9.115455136,26.72398734,13.88564014,52.02690887,38.14126873
141,상남동,2012-09-18,0.0,0,4134.816861369285,,302.3428792,2.099603328,0.239461437,9.354916573,9.115455136,26.72398734,13.88564014,52.02690887,38.14126873
142,상남동,2012-09-19,0.0,0,4134.816861369285,,302.3428792,2.099603328,0.239461437,9.354916573,9.115455136,26.72398734,13.88564014,52.02690887,38.14126873
143,상남동,2014-08-25,68.0,0,4134.816861369285,,302.3428792,2.099603328,0.239461437,9.354916573,9.115455136,26.72398734,13.88564014,52.02690887,38.14126873
144,상남동,2016-10-05,94.9,0,4134.816861369285,7625.986103509909,302.3428792,2.099603328,0.239461437,9.354916573,9.115455136,26.72398734,13.88564014,52.02690887,38.14126873
145,상남동,2019-10-02,46.0,0,4134.816861369285,7625.986103509909,302.3428792,2.099603328,0.239461437,9.354916573,9.115455136,26.72398734,13.88564014,52.02690887,38.14126873
146,상남동,2019-10-03,0.0,0,4134.816861369285,7625.986103509909,302.3428792,2.099603328,0.239461437,9.354916573,9.115455136,26.72398734,13.88564014,52.02690887,38.14126873
147,석동,2012-09-17,20.0,0,2780.472642109629,,3595.056403,12.18663187,0.524705112,33.32820129,32.80349618,107.8531328,5.589571953,415.8879395,410.2983675
148,석동,2012-09-18,0.0,0,2780.472642109629,,3595.056403,12.18663187,0.524705112,33.32820129,32.80349618,107.8531328,5.589571953,415.8879395,410.2983675
149,석동,2012-09-19,0.0,0,2780.472642109629,,3595.056403,12.18663187,0.524705112,33.32820129,32.80349618,107.8531328,5.589571953,415.8879395,410.2983675
150,석동,2014-08-25,49.0,0,2780.472642109629,,3595.056403,12.18663187,0.524705112,33.32820129,32.80349618,107.8531328,5.589571953,415.8879395,410.2983675
151,석동,2016-10-05,77.4,0,2780.472642109629,6500.493146514237,3595.056403,12.18663187,0.524705112,33.32820129,32.80349618,107.8531328,5.589571953,415.8879395,410.2983675
152,석동,2019-10-02,23.5,0,2780.472642109629,6500.493146514237,3595.056403,12.18663187,0.524705112,33.32820129,32.80349618,107.8531328,5.589571953,415.8879395,410.2983675
153,석동,2019-10-03,0.0,0,2780.472642109629,6500.493146514237,3595.056403,12.18663187,0.524705112,33.32820129,32.80349618,107.8531328,5.589571953,415.8879395,410.2983675
154,석전동,2012-09-17,25.0,0,2045.4248008723987,,1664.676448,7.144534111,0.510980964,28.6677475,28.15676653,52.87757749,15.31779575,249.0662994,233.7485037
155,석전동,2012-09-18,0.0,0,2045.4248008723987,,1664.676448,7.144534111,0.510980964,28.6677475,28.15676653,52.87757749,15.31779575,249.0662994,233.7485037
156,석전동,2012-09-19,0.0,0,2045.4248008723987,,1664.676448,7.144534111,0.510980964,28.6677475,28.15676653,52.87757749,15.31779575,249.0662994,233.7485037
157,석전동,2014-08-25,71.0,0,2045.4248008723987,,1664.676448,7.144534111,0.510980964,28.6677475,28.15676653,52.87757749,15.31779575,249.0662994,233.7485037
158,석전동,2016-10-05,68.6,0,2045.4248008723987,5686.960170033974,1664.676448,7.144534111,0.510980964,28.6677475,28.15676653,52.87757749,15.31779575,249.0662994,233.7485037
159,석전동,2019-10-02,46.0,0,2045.4248008723987,5686.960170033974,1664.676448,7.144534111,0.510980964,28.6677475,28.15676653,52.87757749,15.31779575,249.0662994,233.7485037
160,석전동,2019-10-03,0.0,0,2045.4248008723987,5686.960170033974,1664.676448,7.144534111,0.510980964,28.6677475,28.15676653,52.87757749,15.31779575,249.0662994,233.7485037
161,성주동,2012-09-17,35.0,0,2381.3523567271027,,41514.80283,13.5891335,0.0455541089,37.95837784,37.91282373,246.3402672,18.60285378,772.9570923,754.3542385
162,성주동,2012-09-18,0.0,0,2381.3523567271027,,41514.80283,13.5891335,0.0455541089,37.95837784,37.91282373,246.3402672,18.60285378,772.9570923,754.3542385
163,성주동,2012-09-19,0.0,0,2381.3523567271027,,41514.80283,13.5891335,0.0455541089,37.95837784,37.91282373,246.3402672,18.60285378,772.9570923,754.3542385
164,성주동,2014-08-25,68.0,0,2381.3523567271027,,41514.80283,13.5891335,0.0455541089,37.95837784,37.91282373,246.3402672,18.60285378,772.9570923,754.3542385
165,성주동,2016-10-05,94.9,0,2381.3523567271027,5417.453052921832,41514.80283,13.5891335,0.0455541089,37.95837784,37.91282373,246.3402672,18.60285378,772.9570923,754.3542385
166,성주동,2019-10-02,46.0,0,2381.3523567271027,5417.453052921832,41514.80283,13.5891335,0.0455541089,37.95837784,37.91282373,246.3402672,18.60285378,772.9570923,754.3542385
167,성주동,2019-10-03,0.0,0,2381.3523567271027,5417.453052921832,41514.80283,13.5891335,0.0455541089,37.95837784,37.91282373,246.3402672,18.60285378,772.9570923,754.3542385
168,양덕1동,2012-09-17,25.0,0,1513.7939877146484,,871.1901916,8.218775393,0.248979315,26.56314659,26.31416728,50.1825298,7.526566982,212.3070679,204.7805009
169,양덕1동,2012-09-18,0.0,0,1513.7939877146484,,871.1901916,8.218775393,0.248979315,26.56314659,26.31416728,50.1825298,7.526566982,212.3070679,204.7805009
170,양덕1동,2012-09-19,0.0,0,1513.7939877146484,,871.1901916,8.218775393,0.248979315,26.56314659,26.31416728,50.1825298,7.526566982,212.3070679,204.7805009
171,양덕1동,2014-08-25,71.0,1,1513.7939877146484,,871.1901916,8.218775393,0.248979315,26.56314659,26.31416728,50.1825298,7.526566982,212.3070679,204.7805009
172,양덕1동,2016-10-05,68.6,0,1513.7939877146484,4158.818444675588,871.1901916,8.218775393,0.248979315,26.56314659,26.31416728,50.1825298,7.526566982,212.3070679,204.7805009
173,양덕1동,2019-10-02,46.0,0,1513.7939877146484,4158.818444675588,871.1901916,8.218775393,0.248979315,26.56314659,26.31416728,50.1825298,7.526566982,212.3070679,204.7805009
174,양덕1동,2019-10-03,0.0,0,1513.7939877146484,4158.818444675588,871.1901916,8.218775393,0.248979315,26.56314659,26.31416728,50.1825298,7.526566982,212.3070679,204.7805009
175,양덕2동,2012-09-17,25.0,0,1826.1562208257303,,910.8732392,4.400353812,0.0894728377,27.52139664,27.4319238,21.35614076,1.565797091,173.1191406,171.5533435
176,양덕2동,2012-09-18,0.0,0,1826.1562208257303,,910.8732392,4.400353812,0.0894728377,27.52139664,27.4319238,21.35614076,1.565797091,173.1191406,171.5533435
177,양덕2동,2012-09-19,0.0,0,1826.1562208257303,,910.8732392,4.400353812,0.0894728377,27.52139664,27.4319238,21.35614076,1.565797091,173.1191406,171.5533435
178,양덕2동,2014-08-25,71.0,1,1826.1562208257303,,910.8732392,4.400353812,0.0894728377,27.52139664,27.4319238,21.35614076,1.565797091,173.1191406,171.5533435
179,양덕2동,2016-10-05,68.6,0,1826.1562208257303,3535.795279701462,910.8732392,4.400353812,0.0894728377,27.52139664,27.4319238,21.35614076,1.565797091,173.1191406,171.5533435
180,양덕2동,2019-10-02,46.0,0,1826.1562208257303,3535.795279701462,910.8732392,4.400353812,0.0894728377,27.52139664,27.4319238,21.35614076,1.565797091,173.1191406,171.5533435
181,양덕2동,2019-10-03,0.0,0,1826.1562208257303,3535.795279701462,910.8732392,4.400353812,0.0894728377,27.52139664,27.4319238,21.35614076,1.565797091,173.1191406,171.5533435
182,여좌동,2012-09-17,20.0,0,1038.3509937990418,,9897.485189,15.29750416,0.761430621,36.46392059,35.70248997,227.2317352,12.47667694,575.6500854,563.1734085
183,여좌동,2012-09-18,0.0,0,1038.3509937990418,,9897.485189,15.29750416,0.761430621,36.46392059,35.70248997,227.2317352,12.47667694,575.6500854,563.1734085
184,여좌동,2012-09-19,0.0,0,1038.3509937990418,,9897.485189,15.29750416,0.761430621,36.46392059,35.70248997,227.2317352,12.47667694,575.6500854,563.1734085
185,여좌동,2014-08-25,49.0,0,1038.3509937990418,,9897.485189,15.29750416,0.761430621,36.46392059,35.70248997,227.2317352,12.47667694,575.6500854,563.1734085
186,여좌동,2016-10-05,77.4,0,1038.3509937990418,2719.835726578253,9897.485189,15.29750416,0.761430621,36.46392059,35.70248997,227.2317352,12.47667694,575.6500854,563.1734085
187,여좌동,2019-10-02,23.5,0,1038.3509937990418,2719.835726578253,9897.485189,15.29750416,0.761430621,36.46392059,35.70248997,227.2317352,12.47667694,575.6500854,563.1734085
188,여좌동,2019-10-03,0.0,0,1038.3509937990418,2719.835726578253,9897.485189,15.29750416,0.761430621,36.46392059,35.70248997,227.2317352,12.47667694,575.6500854,563.1734085
189,오동동,2012-09-17,23.0,1,1407.924800457089,,467.431133,2.077471702,0.036975909,19.39269257,19.35571666,10.46242881,0.0,119.7602081,119.7602081
190,오동동,2012-09-18,0.0,1,1407.924800457089,,467.431133,2.077471702,0.036975909,19.39269257,19.35571666,10.46242881,0.0,119.7602081,119.7602081
191,오동동,2012-09-19,0.0,0,1407.924800457089,,467.431133,2.077471702,0.036975909,19.39269257,19.35571666,10.46242881,0.0,119.7602081,119.7602081
192,오동동,2014-08-25,77.0,0,1407.924800457089,,467.431133,2.077471702,0.036975909,19.39269257,19.35571666,10.46242881,0.0,119.7602081,119.7602081
193,오동동,2016-10-05,78.4,0,1407.924800457089,2449.65607643004,467.431133,2.077471702,0.036975909,19.39269257,19.35571666,10.46242881,0.0,119.7602081,119.7602081
194,오동동,2019-10-02,73.3,1,1407.924800457089,2449.65607643004,467.431133,2.077471702,0.036975909,19.39269257,19.35571666,10.46242881,0.0,119.7602081,119.7602081
195,오동동,2019-10-03,0.0,1,1407.924800457089,2449.65607643004,467.431133,2.077471702,0.036975909,19.39269257,19.35571666,10.46242881,0.0,119.7602081,119.7602081
196,완월동,2012-09-17,23.0,0,1195.691879108311,,5137.165215,15.06500063,1.898938298,35.57068634,33.67174804,239.0309925,7.733595371,604.1295166,596.3959212
197,완월동,2012-09-18,0.0,0,1195.691879108311,,5137.165215,15.06500063,1.898938298,35.57068634,33.67174804,239.0309925,7.733595371,604.1295166,596.3959212
198,완월동,2012-09-19,0.0,0,1195.691879108311,,5137.165215,15.06500063,1.898938298,35.57068634,33.67174804,239.0309925,7.733595371,604.1295166,596.3959212
199,완월동,2014-08-25,77.0,0,1195.691879108311,,5137.165215,15.06500063,1.898938298,35.57068634,33.67174804,239.0309925,7.733595371,604.1295166,596.3959212
200,완월동,2016-10-05,78.4,0,1195.691879108311,1831.2059771686413,5137.165215,15.06500063,1.898938298,35.57068634,33.67174804,239.0309925,7.733595371,604.1295166,596.3959212
201,완월동,2019-10-02,73.3,0,1195.691879108311,1831.2059771686413,5137.165215,15.06500063,1.898938298,35.57068634,33.67174804,239.0309925,7.733595371,604.1295166,596.3959212
202,완월동,2019-10-03,0.0,0,1195.691879108311,1831.2059771686413,5137.165215,15.06500063,1.898938298,35.57068634,33.67174804,239.0309925,7.733595371,604.1295166,596.3959212
203,용지동,2012-09-17,35.0,0,6675.806969246626,,547.0185408,1.68832883,0.280330896,5.756356716,5.47602582,36.46373964,18.89714813,54.94059753,36.0434494
204,용지동,2012-09-18,0.0,0,6675.806969246626,,547.0185408,1.68832883,0.280330896,5.756356716,5.47602582,36.46373964,18.89714813,54.94059753,36.0434494
205,용지동,2012-09-19,0.0,0,6675.806969246626,,547.0185408,1.68832883,0.280330896,5.756356716,5.47602582,36.46373964,18.89714813,54.94059753,36.0434494
206,용지동,2014-08-25,69.0,0,6675.806969246626,,547.0185408,1.68832883,0.280330896,5.756356716,5.47602582,36.46373964,18.89714813,54.94059753,36.0434494
207,용지동,2016-10-05,96.9,0,6675.806969246626,7639.401042383831,547.0185408,1.68832883,0.280330896,5.756356716,5.47602582,36.46373964,18.89714813,54.94059753,36.0434494
208,용지동,2019-10-02,46.0,0,6675.806969246626,7639.401042383831,547.0185408,1.68832883,0.280330896,5.756356716,5.47602582,36.46373964,18.89714813,54.94059753,36.0434494
209,용지동,2019-10-03,0.0,0,6675.806969246626,7639.401042383831,547.0185408,1.68832883,0.280330896,5.756356716,5.47602582,36.46373964,18.89714813,54.94059753,36.0434494
210,웅남동,2012-09-17,35.0,0,1928.411519226673,,57332.31356,12.17246572,0.012000584,40.97937012,40.96736953,103.8486043,0.0,548.7695923,548.7695923
211,웅남동,2012-09-18,0.0,0,1928.411519226673,,57332.31356,12.17246572,0.012000584,40.97937012,40.96736953,103.8486043,0.0,548.7695923,548.7695923
212,웅남동,2012-09-19,0.0,0,1928.411519226673,,57332.31356,12.17246572,0.012000584,40.97937012,40.96736953,103.8486043,0.0,548.7695923,548.7695923
213,웅남동,2014-08-25,74.0,0,1928.411519226673,,57332.31356,12.17246572,0.012000584,40.97937012,40.96736953,103.8486043,0.0,548.7695923,548.7695923
214,웅남동,2016-10-05,98.4,0,1928.411519226673,2313.518060730092,57332.31356,12.17246572,0.012000584,40.97937012,40.96736953,103.8486043,0.0,548.7695923,548.7695923
215,웅남동,2019-10-02,46.0,0,1928.411519226673,2313.518060730092,57332.31356,12.17246572,0.012000584,40.97937012,40.96736953,103.8486043,0.0,548.7695923,548.7695923
216,웅남동,2019-10-03,0.0,0,1928.411519226673,2313.518060730092,57332.31356,12.17246572,0.012000584,40.97937012,40.96736953,103.8486043,0.0,548.7695923,548.7695923
217,웅동1동,2012-09-17,15.0,1,2349.3993802777754,,59864.04186,14.77030394,0.008671836,37.92205811,37.91338627,229.0775081,0.0,763.2478638,763.2478638
218,웅동1동,2012-09-18,0.0,1,2349.3993802777754,,59864.04186,14.77030394,0.008671836,37.92205811,37.91338627,229.0775081,0.0,763.2478638,763.2478638
219,웅동1동,2012-09-19,0.0,0,2349.3993802777754,,59864.04186,14.77030394,0.008671836,37.92205811,37.91338627,229.0775081,0.0,763.2478638,763.2478638
220,웅동1동,2014-08-25,62.0,0,2349.3993802777754,,59864.04186,14.77030394,0.008671836,37.92205811,37.91338627,229.0775081,0.0,763.2478638,763.2478638
221,웅동1동,2016-10-05,53.3,1,2349.3993802777754,2698.773372681123,59864.04186,14.77030394,0.008671836,37.92205811,37.91338627,229.0775081,0.0,763.2478638,763.2478638
222,웅동1동,2019-10-02,19.5,0,2349.3993802777754,2698.773372681123,59864.04186,14.77030394,0.008671836,37.92205811,37.91338627,229.0775081,0.0,763.2478638,763.2478638
223,웅동1동,2019-10-03,0.0,0,2349.3993802777754,2698.773372681123,59864.04186,14.77030394,0.008671836,37.92205811,37.91338627,229.0775081,0.0,763.2478638,763.2478638
224,웅동2동,2012-09-17,15.0,1,2540.5109057922227,,17957.77505,9.285302505,0.0059164539,42.6335907,42.62767424,61.61597729,0.0,401.8391724,401.8391724
225,웅동2동,2012-09-18,0.0,1,2540.5109057922227,,17957.77505,9.285302505,0.0059164539,42.6335907,42.62767424,61.61597729,0.0,401.8391724,401.8391724
226,웅동2동,2012-09-19,0.0,0,2540.5109057922227,,17957.77505,9.285302505,0.0059164539,42.6335907,42.62767424,61.61597729,0.0,401.8391724,401.8391724
227,웅동2동,2014-08-25,62.0,0,2540.5109057922227,,17957.77505,9.285302505,0.0059164539,42.6335907,42.62767424,61.61597729,0.0,401.8391724,401.8391724
228,웅동2동,2016-10-05,33.2,1,2540.5109057922227,2418.254404023516,17957.77505,9.285302505,0.0059164539,42.6335907,42.62767424,61.61597729,0.0,401.8391724,401.8391724
229,웅동2동,2019-10-02,23.5,0,2540.5109057922227,2418.254404023516,17957.77505,9.285302505,0.0059164539,42.6335907,42.62767424,61.61597729,0.0,401.8391724,401.8391724
230,웅동2동,2019-10-03,0.0,0,2540.5109057922227,2418.254404023516,17957.77505,9.285302505,0.0059164539,42.6335907,42.62767424,61.61597729,0.0,401.8391724,401.8391724
231,웅천동,2012-09-17,19.0,0,3769.494041589109,,32723.57639,9.179123813,0.0,35.63208008,35.63208008,79.05802654,0.0,618.5787354,618.5787354
232,웅천동,2012-09-18,0.0,0,3769.494041589109,,32723.57639,9.179123813,0.0,35.63208008,35.63208008,79.05802654,0.0,618.5787354,618.5787354
233,웅천동,2012-09-19,0.0,0,3769.494041589109,,32723.57639,9.179123813,0.0,35.63208008,35.63208008,79.05802654,0.0,618.5787354,618.5787354
234,웅천동,2014-08-25,42.0,0,3769.494041589109,,32723.57639,9.179123813,0.0,35.63208008,35.63208008,79.05802654,0.0,618.5787354,618.5787354
235,웅천동,2016-10-05,45.9,0,3769.494041589109,3605.691613327601,32723.57639,9.179123813,0.0,35.63208008,35.63208008,79.05802654,0.0,618.5787354,618.5787354
236,웅천동,2019-10-02,23.5,0,3769.494041589109,3605.691613327601,32723.57639,9.179123813,0.0,35.63208008,35.63208008,79.05802654,0.0,618.5787354,618.5787354
237,웅천동,2019-10-03,0.0,0,3769.494041589109,3605.691613327601,32723.57639,9.179123813,0.0,35.63208008,35.63208008,79.05802654,0.0,618.5787354,618.5787354
238,월영동,2012-09-17,23.0,0,1672.1386797433724,,2852.211534,8.388857454,0.0071567148,25.02052307,25.01336636,54.93957029,0.0,235.0342865,235.0342865
239,월영동,2012-09-18,0.0,0,1672.1386797433724,,2852.211534,8.388857454,0.0071567148,25.02052307,25.01336636,54.93957029,0.0,235.0342865,235.0342865
240,월영동,2012-09-19,0.0,0,1672.1386797433724,,2852.211534,8.388857454,0.0071567148,25.02052307,25.01336636,54.93957029,0.0,235.0342865,235.0342865
241,월영동,2014-08-25,77.0,0,1672.1386797433724,,2852.211534,8.388857454,0.0071567148,25.02052307,25.01336636,54.93957029,0.0,235.0342865,235.0342865
242,월영동,2016-10-05,78.4,0,1672.1386797433724,1170.0226622101382,2852.211534,8.388857454,0.0071567148,25.02052307,25.01336636,54.93957029,0.0,235.0342865,235.0342865
243,월영동,2019-10-02,73.3,0,1672.1386797433724,1170.0226622101382,2852.211534,8.388857454,0.0071567148,25.02052307,25.01336636,54.93957029,0.0,235.0342865,235.0342865
244,월영동,2019-10-03,0.0,0,1672.1386797433724,1170.0226622101382,2852.211534,8.388857454,0.0071567148,25.02052307,25.01336636,54.93957029,0.0,235.0342865,235.0342865
245,의창동,2012-09-17,35.0,0,1502.3582747293776,,12714.75367,12.35641756,0.087105915,39.88582993,39.79872401,148.0889951,15.35187721,622.8945313,607.542654
246,의창동,2012-09-18,0.0,0,1502.3582747293776,,12714.75367,12.35641756,0.087105915,39.88582993,39.79872401,148.0889951,15.35187721,622.8945313,607.542654
247,의창동,2012-09-19,0.0,0,1502.3582747293776,,12714.75367,12.35641756,0.087105915,39.88582993,39.79872401,148.0889951,15.35187721,622.8945313,607.542654
248,의창동,2014-08-25,74.0,0,1502.3582747293776,,12714.75367,12.35641756,0.087105915,39.88582993,39.79872401,148.0889951,15.35187721,622.8945313,607.542654
249,의창동,2016-10-05,91.8,0,1502.3582747293776,1231.4808271151985,12714.75367,12.35641756,0.087105915,39.88582993,39.79872401,148.0889951,15.35187721,622.8945313,607.542654
250,의창동,2019-10-02,46.0,0,1502.3582747293776,1231.4808271151985,12714.75367,12.35641756,0.087105915,39.88582993,39.79872401,148.0889951,15.35187721,622.8945313,607.542654
251,의창동,2019-10-03,0.0,0,1502.3582747293776,1231.4808271151985,12714.75367,12.35641756,0.087105915,39.88582993,39.79872401,148.0889951,15.35187721,622.8945313,607.542654
252,이동,2012-09-17,20.0,0,3173.084324785741,,112.0416076,1.13173341,0.0984596089,2.665188551,2.566728942,10.06403774,0.0,27.12024117,27.12024117
253,이동,2012-09-18,0.0,0,3173.084324785741,,112.0416076,1.13173341,0.0984596089,2.665188551,2.566728942,10.06403774,0.0,27.12024117,27.12024117
254,이동,2012-09-19,0.0,0,3173.084324785741,,112.0416076,1.13173341,0.0984596089,2.665188551,2.566728942,10.06403774,0.0,27.12024117,27.12024117
255,이동,2014-08-25,49.0,0,3173.084324785741,,112.0416076,1.13173341,0.0984596089,2.665188551,2.566728942,10.06403774,0.0,27.12024117,27.12024117
256,이동,2016-10-05,77.4,0,3173.084324785741,2392.6200763314714,112.0416076,1.13173341,0.0984596089,2.665188551,2.566728942,10.06403774,0.0,27.12024117,27.12024117
257,이동,2019-10-02,23.5,0,3173.084324785741,2392.6200763314714,112.0416076,1.13173341,0.0984596089,2.665188551,2.566728942,10.06403774,0.0,27.12024117,27.12024117
258,이동,2019-10-03,0.0,0,3173.084324785741,2392.6200763314714,112.0416076,1.13173341,0.0984596089,2.665188551,2.566728942,10.06403774,0.0,27.12024117,27.12024117
259,자산동,2012-09-17,23.0,0,2331.307503389982,,1896.446624,13.2618645,1.480233192,36.8777504,35.3975172,99.6122014,5.914849758,345.526886,339.6120362
260,자산동,2012-09-18,0.0,0,2331.307503389982,,1896.446624,13.2618645,1.480233192,36.8777504,35.3975172,99.6122014,5.914849758,345.526886,339.6120362
261,자산동,2012-09-19,0.0,0,2331.307503389982,,1896.446624,13.2618645,1.480233192,36.8777504,35.3975172,99.6122014,5.914849758,345.526886,339.6120362
262,자산동,2014-08-25,77.0,0,2331.307503389982,,1896.446624,13.2618645,1.480233192,36.8777504,35.3975172,99.6122014,5.914849758,345.526886,339.6120362
263,자산동,2016-10-05,78.4,0,2331.307503389982,1647.3994354725585,1896.446624,13.2618645,1.480233192,36.8777504,35.3975172,99.6122014,5.914849758,345.526886,339.6120362
264,자산동,2019-10-02,73.3,0,2331.307503389982,1647.3994354725585,1896.446624,13.2618645,1.480233192,36.8777504,35.3975172,99.6122014,5.914849758,345.526886,339.6120362
265,자산동,2019-10-03,0.0,0,2331.307503389982,1647.3994354725585,1896.446624,13.2618645,1.480233192,36.8777504,35.3975172,99.6122014,5.914849758,345.526886,339.6120362
266,자은동,2012-09-17,20.0,0,3353.487236062293,,11371.15625,17.09948308,0.747460425,41.50576019,40.75829977,253.7693823,15.54807091,671.5406494,655.9925785
267,자은동,2012-09-18,0.0,0,3353.487236062293,,11371.15625,17.09948308,0.747460425,41.50576019,40.75829977,253.7693823,15.54807091,671.5406494,655.9925785
268,자은동,2012-09-19,0.0,0,3353.487236062293,,11371.15625,17.09948308,0.747460425,41.50576019,40.75829977,253.7693823,15.54807091,671.5406494,655.9925785
269,자은동,2014-08-25,49.0,0,3353.487236062293,,11371.15625,17.09948308,0.747460425,41.50576019,40.75829977,253.7693823,15.54807091,671.5406494,655.9925785
270,자은동,2016-10-05,77.4,0,3353.487236062293,2516.371418132656,11371.15625,17.09948308,0.747460425,41.50576019,40.75829977,253.7693823,15.54807091,671.5406494,655.9925785
271,자은동,2019-10-02,23.5,0,3353.487236062293,2516.371418132656,11371.15625,17.09948308,0.747460425,41.50576019,40.75829977,253.7693823,15.54807091,671.5406494,655.9925785
272,자은동,2019-10-03,0.0,0,3353.487236062293,2516.371418132656,11371.15625,17.09948308,0.747460425,41.50576019,40.75829977,253.7693823,15.54807091,671.5406494,655.9925785
273,반월중앙동,2012-09-17,23.0,0,3325.399051278609,,740.5645855,5.831217209,0.122612163,21.23220253,21.10959037,33.56496103,1.886960626,226.7826538,224.8956932
274,반월중앙동,2012-09-18,0.0,0,3325.399051278609,,740.5645855,5.831217209,0.122612163,21.23220253,21.10959037,33.56496103,1.886960626,226.7826538,224.8956932
275,반월중앙동,2012-09-19,0.0,0,3325.399051278609,,740.5645855,5.831217209,0.122612163,21.23220253,21.10959037,33.56496103,1.886960626,226.7826538,224.8956932
276,반월중앙동,2014-08-25,77.0,0,3325.399051278609,,740.5645855,5.831217209,0.122612163,21.23220253,21.10959037,33.56496103,1.886960626,226.7826538,224.8956932
277,반월중앙동,2016-10-05,78.4,0,3325.399051278609,2459.7623156527443,740.5645855,5.831217209,0.122612163,21.23220253,21.10959037,33.56496103,1.886960626,226.7826538,224.8956932
278,반월중앙동,2019-10-02,73.3,0,3325.399051278609,2459.7623156527443,740.5645855,5.831217209,0.122612163,21.23220253,21.10959037,33.56496103,1.886960626,226.7826538,224.8956932
279,반월중앙동,2019-10-03,0.0,0,3325.399051278609,2459.7623156527443,740.5645855,5.831217209,0.122612163,21.23220253,21.10959037,33.56496103,1.886960626,226.7826538,224.8956932
280,중앙동,2012-09-17,35.0,0,1144.990736777547,,1454.730752,2.151968568,0.0154846283,15.16756535,15.15208072,16.52034772,2.927948475,82.45949554,79.53154707
281,중앙동,2012-09-18,0.0,0,1144.990736777547,,1454.730752,2.151968568,0.0154846283,15.16756535,15.15208072,16.52034772,2.927948475,82.45949554,79.53154707
282,중앙동,2012-09-19,0.0,0,1144.990736777547,,1454.730752,2.151968568,0.0154846283,15.16756535,15.15208072,16.52034772,2.927948475,82.45949554,79.53154707
283,중앙동,2014-08-25,69.0,0,1144.990736777547,,1454.730752,2.151968568,0.0154846283,15.16756535,15.15208072,16.52034772,2.927948475,82.45949554,79.53154707
284,중앙동,2016-10-05,96.9,0,1144.990736777547,838.224011615402,1454.730752,2.151968568,0.0154846283,15.16756535,15.15208072,16.52034772,2.927948475,82.45949554,79.53154707
285,중앙동,2019-10-02,46.0,0,1144.990736777547,838.224011615402,1454.730752,2.151968568,0.0154846283,15.16756535,15.15208072,16.52034772,2.927948475,82.45949554,79.53154707
286,중앙동,2019-10-03,0.0,0,1144.990736777547,838.224011615402,1454.730752,2.151968568,0.0154846283,15.16756535,15.15208072,16.52034772,2.927948475,82.45949554,79.53154707
287,진동면,2012-09-17,20.0,1,7716.709268856664,,58251.22044,14.44722729,0.0,38.20775604,38.20775604,141.8806225,0.0,677.2114868,677.2114868
288,진동면,2012-09-18,0.0,1,7716.709268856664,,58251.22044,14.44722729,0.0,38.20775604,38.20775604,141.8806225,0.0,677.2114868,677.2114868
289,진동면,2012-09-19,0.0,0,7716.709268856664,,58251.22044,14.44722729,0.0,38.20775604,38.20775604,141.8806225,0.0,677.2114868,677.2114868
290,진동면,2014-08-25,116.0,1,7716.709268856664,,58251.22044,14.44722729,0.0,38.20775604,38.20775604,141.8806225,0.0,677.2114868,677.2114868
291,진동면,2016-10-05,59.4,0,7716.709268856664,10426.56216962368,58251.22044,14.44722729,0.0,38.20775604,38.20775604,141.8806225,0.0,677.2114868,677.2114868
292,진동면,2019-10-02,63.0,0,7716.709268856664,7672.896134002838,58251.22044,14.44722729,0.0,38.20775604,38.20775604,141.8806225,0.0,677.2114868,677.2114868
293,진동면,2019-10-03,0.0,0,7716.709268856664,7672.896134002838,58251.22044,14.44722729,0.0,38.20775604,38.20775604,141.8806225,0.0,677.2114868,677.2114868
294,진북면,2012-09-17,20.0,0,7894.267005708802,,93444.44699,16.18085662,0.244038001,42.03634262,41.79230462,200.136676,3.409918308,726.8526611,723.4427428
295,진북면,2012-09-18,0.0,0,7894.267005708802,,93444.44699,16.18085662,0.244038001,42.03634262,41.79230462,200.136676,3.409918308,726.8526611,723.4427428
296,진북면,2012-09-19,0.0,0,7894.267005708802,,93444.44699,16.18085662,0.244038001,42.03634262,41.79230462,200.136676,3.409918308,726.8526611,723.4427428
297,진북면,2014-08-25,117.0,1,7894.267005708802,,93444.44699,16.18085662,0.244038001,42.03634262,41.79230462,200.136676,3.409918308,726.8526611,723.4427428
298,진북면,2016-10-05,52.0,0,7894.267005708802,10691.756385760204,93444.44699,16.18085662,0.244038001,42.03634262,41.79230462,200.136676,3.409918308,726.8526611,723.4427428
299,진북면,2019-10-02,63.0,0,7894.267005708802,7680.110114625789,93444.44699,16.18085662,0.244038001,42.03634262,41.79230462,200.136676,3.409918308,726.8526611,723.4427428
300,진북면,2019-10-03,0.0,0,7894.267005708802,7680.110114625789,93444.44699,16.18085662,0.244038001,42.03634262,41.79230462,200.136676,3.409918308,726.8526611,723.4427428
301,진전면,2012-09-17,27.0,0,6926.583599115994,,158533.0986,16.36048489,0.0133519908,44.69418716,44.68083517,196.7760379,0.0,738.4603882,738.4603882
302,진전면,2012-09-18,0.0,0,6926.583599115994,,158533.0986,16.36048489,0.0133519908,44.69418716,44.68083517,196.7760379,0.0,738.4603882,738.4603882
303,진전면,2012-09-19,0.0,0,6926.583599115994,,158533.0986,16.36048489,0.0133519908,44.69418716,44.68083517,196.7760379,0.0,738.4603882,738.4603882
304,진전면,2014-08-25,116.0,0,6926.583599115994,,158533.0986,16.36048489,0.0133519908,44.69418716,44.68083517,196.7760379,0.0,738.4603882,738.4603882
305,진전면,2016-10-05,53.6,0,6926.583599115994,9795.856578342427,158533.0986,16.36048489,0.0133519908,44.69418716,44.68083517,196.7760379,0.0,738.4603882,738.4603882
306,진전면,2019-10-02,63.0,0,6926.583599115994,6758.201549846873,158533.0986,16.36048489,0.0133519908,44.69418716,44.68083517,196.7760379,0.0,738.4603882,738.4603882
307,진전면,2019-10-03,0.0,0,6926.583599115994,6758.201549846873,158533.0986,16.36048489,0.0133519908,44.69418716,44.68083517,196.7760379,0.0,738.4603882,738.4603882
308,충무동,2012-09-17,20.0,1,5772.1886047383405,,26873.19259,11.77099982,0.0,35.41235352,35.41235352,79.19850032,0.0,405.0654297,405.0654297
309,충무동,2012-09-18,0.0,1,5772.1886047383405,,26873.19259,11.77099982,0.0,35.41235352,35.41235352,79.19850032,0.0,405.0654297,405.0654297
310,충무동,2012-09-19,0.0,0,5772.1886047383405,,26873.19259,11.77099982,0.0,35.41235352,35.41235352,79.19850032,0.0,405.0654297,405.0654297
311,충무동,2014-08-25,49.0,0,5772.1886047383405,,26873.19259,11.77099982,0.0,35.41235352,35.41235352,79.19850032,0.0,405.0654297,405.0654297
312,충무동,2016-10-05,77.4,0,5772.1886047383405,8911.115539789818,26873.19259,11.77099982,0.0,35.41235352,35.41235352,79.19850032,0.0,405.0654297,405.0654297
313,충무동,2019-10-02,23.5,0,5772.1886047383405,5342.710853445259,26873.19259,11.77099982,0.0,35.41235352,35.41235352,79.19850032,0.0,405.0654297,405.0654297
314,충무동,2019-10-03,0.0,0,5772.1886047383405,5342.710853445259,26873.19259,11.77099982,0.0,35.41235352,35.41235352,79.19850032,0.0,405.0654297,405.0654297
315,태백동,2012-09-17,20.0,0,7559.221143442717,,768.3477359,7.387958999,0.681895316,22.66794777,21.98605245,36.45627072,6.53295517,136.755188,130.2222328
316,태백동,2012-09-18,0.0,0,7559.221143442717,,768.3477359,7.387958999,0.681895316,22.66794777,21.98605245,36.45627072,6.53295517,136.755188,130.2222328
317,태백동,2012-09-19,0.0,0,7559.221143442717,,768.3477359,7.387958999,0.681895316,22.66794777,21.98605245,36.45627072,6.53295517,136.755188,130.2222328
318,태백동,2014-08-25,49.0,0,7559.221143442717,,768.3477359,7.387958999,0.681895316,22.66794777,21.98605245,36.45627072,6.53295517,136.755188,130.2222328
319,태백동,2016-10-05,77.4,0,7559.221143442717,10826.5979793626,768.3477359,7.387958999,0.681895316,22.66794777,21.98605245,36.45627072,6.53295517,136.755188,130.2222328
320,태백동,2019-10-02,23.5,0,7559.221143442717,6466.155277482292,768.3477359,7.387958999,0.681895316,22.66794777,21.98605245,36.45627072,6.53295517,136.755188,130.2222328
321,태백동,2019-10-03,0.0,0,7559.221143442717,6466.155277482292,768.3477359,7.387958999,0.681895316,22.66794777,21.98605245,36.45627072,6.53295517,136.755188,130.2222328
322,팔룡동,2012-09-17,35.0,0,8321.205454948153,,11005.83378,6.574572149,0.00276476634,32.987957,32.98519223,38.28065843,0.736468017,242.6940918,241.9576238
323,팔룡동,2012-09-18,0.0,0,8321.205454948153,,11005.83378,6.574572149,0.00276476634,32.987957,32.98519223,38.28065843,0.736468017,242.6940918,241.9576238
324,팔룡동,2012-09-19,0.0,0,8321.205454948153,,11005.83378,6.574572149,0.00276476634,32.987957,32.98519223,38.28065843,0.736468017,242.6940918,241.9576238
325,팔룡동,2014-08-25,74.0,0,8321.205454948153,,11005.83378,6.574572149,0.00276476634,32.987957,32.98519223,38.28065843,0.736468017,242.6940918,241.9576238
326,팔룡동,2016-10-05,91.8,0,8321.205454948153,11591.181651738423,11005.83378,6.574572149,0.00276476634,32.987957,32.98519223,38.28065843,0.736468017,242.6940918,241.9576238
327,팔룡동,2019-10-02,46.0,0,8321.205454948153,7117.125930551195,11005.83378,6.574572149,0.00276476634,32.987957,32.98519223,38.28065843,0.736468017,242.6940918,241.9576238
328,팔룡동,2019-10-03,0.0,0,8321.205454948153,7117.125930551195,11005.83378,6.574572149,0.00276476634,32.987957,32.98519223,38.28065843,0.736468017,242.6940918,241.9576238
329,풍호동,2012-09-17,20.0,0,8546.887769131756,,9668.44172,9.582201903,0.0,38.00054169,38.00054169,93.10584045,0.0,483.8075256,483.8075256
330,풍호동,2012-09-18,0.0,0,8546.887769131756,,9668.44172,9.582201903,0.0,38.00054169,38.00054169,93.10584045,0.0,483.8075256,483.8075256
331,풍호동,2012-09-19,0.0,0,8546.887769131756,,9668.44172,9.582201903,0.0,38.00054169,38.00054169,93.10584045,0.0,483.8075256,483.8075256
332,풍호동,2014-08-25,49.0,0,8546.887769131756,,9668.44172,9.582201903,0.0,38.00054169,38.00054169,93.10584045,0.0,483.8075256,483.8075256
333,풍호동,2016-10-05,77.4,1,8546.887769131756,11999.597713320873,9668.44172,9.582201903,0.0,38.00054169,38.00054169,93.10584045,0.0,483.8075256,483.8075256
334,풍호동,2019-10-02,23.5,0,8546.887769131756,6831.284182926363,9668.44172,9.582201903,0.0,38.00054169,38.00054169,93.10584045,0.0,483.8075256,483.8075256
335,풍호동,2019-10-03,0.0,0,8546.887769131756,6831.284182926363,9668.44172,9.582201903,0.0,38.00054169,38.00054169,93.10584045,0.0,483.8075256,483.8075256
336,합성1동,2012-09-17,25.0,0,8983.994289777964,,10336.36684,15.66116188,0.401606798,34.78239059,34.3807838,183.6744922,23.8734417,491.5962524,467.7228107
337,합성1동,2012-09-18,0.0,0,8983.994289777964,,10336.36684,15.66116188,0.401606798,34.78239059,34.3807838,183.6744922,23.8734417,491.5962524,467.7228107
338,합성1동,2012-09-19,0.0,0,8983.994289777964,,10336.36684,15.66116188,0.401606798,34.78239059,34.3807838,183.6744922,23.8734417,491.5962524,467.7228107
339,합성1동,2014-08-25,71.0,0,8983.994289777964,,10336.36684,15.66116188,0.401606798,34.78239059,34.3807838,183.6744922,23.8734417,491.5962524,467.7228107
340,합성1동,2016-10-05,68.6,0,8983.994289777964,12282.667326903478,10336.36684,15.66116188,0.401606798,34.78239059,34.3807838,183.6744922,23.8734417,491.5962524,467.7228107
341,합성1동,2019-10-02,46.0,0,8983.994289777964,7636.287114756071,10336.36684,15.66116188,0.401606798,34.78239059,34.3807838,183.6744922,23.8734417,491.5962524,467.7228107
342,합성1동,2019-10-03,0.0,0,8983.994289777964,7636.287114756071,10336.36684,15.66116188,0.401606798,34.78239059,34.3807838,183.6744922,23.8734417,491.5962524,467.7228107
343,합성2동,2012-09-17,25.0,0,10591.33766966482,,2315.324858,9.979848528,0.388605177,27.90416336,27.51555818,81.98609667,17.09783173,277.0237427,259.9259109
344,합성2동,2012-09-18,0.0,0,10591.33766966482,,2315.324858,9.979848528,0.388605177,27.90416336,27.51555818,81.98609667,17.09783173,277.0237427,259.9259109
345,합성2동,2012-09-19,0.0,0,10591.33766966482,,2315.324858,9.979848528,0.388605177,27.90416336,27.51555818,81.98609667,17.09783173,277.0237427,259.9259109
346,합성2동,2014-08-25,71.0,0,10591.33766966482,,2315.324858,9.979848528,0.388605177,27.90416336,27.51555818,81.98609667,17.09783173,277.0237427,259.9259109
347,합성2동,2016-10-05,68.6,0,10591.33766966482,14075.306563411565,2315.324858,9.979848528,0.388605177,27.90416336,27.51555818,81.98609667,17.09783173,277.0237427,259.9259109
348,합성2동,2019-10-02,46.0,0,10591.33766966482,8624.291126014232,2315.324858,9.979848528,0.388605177,27.90416336,27.51555818,81.98609667,17.09783173,277.0237427,259.9259109
349,합성2동,2019-10-03,0.0,0,10591.33766966482,8624.291126014232,2315.324858,9.979848528,0.388605177,27.90416336,27.51555818,81.98609667,17.09783173,277.0237427,259.9259109
350,합포동,2012-09-17,23.0,0,9723.189437963489,,210.6351086,2.846420387,0.178499371,14.447999,14.26949963,10.583552,0.330271482,67.09877014,66.76849866
351,합포동,2012-09-18,0.0,0,9723.189437963489,,210.6351086,2.846420387,0.178499371,14.447999,14.26949963,10.583552,0.330271482,67.09877014,66.76849866
352,합포동,2012-09-19,0.0,0,9723.189437963489,,210.6351086,2.846420387,0.178499371,14.447999,14.26949963,10.583552,0.330271482,67.09877014,66.76849866
353,합포동,2014-08-25,77.0,0,9723.189437963489,,210.6351086,2.846420387,0.178499371,14.447999,14.26949963,10.583552,0.330271482,67.09877014,66.76849866
354,합포동,2016-10-05,78.4,0,9723.189437963489,12925.01850953497,210.6351086,2.846420387,0.178499371,14.447999,14.26949963,10.583552,0.330271482,67.09877014,66.76849866
355,합포동,2019-10-02,73.3,0,9723.189437963489,8523.904750858292,210.6351086,2.846420387,0.178499371,14.447999,14.26949963,10.583552,0.330271482,67.09877014,66.76849866
356,합포동,2019-10-03,0.0,0,9723.189437963489,8523.904750858292,210.6351086,2.846420387,0.178499371,14.447999,14.26949963,10.583552,0.330271482,67.09877014,66.76849866
357,현동,2012-09-17,21.0,0,10819.568981916253,,33905.9255,14.14515039,0.117328539,33.47658539,33.35925685,123.2939089,0.0,501.741333,501.741333
358,현동,2012-09-18,0.0,0,10819.568981916253,,33905.9255,14.14515039,0.117328539,33.47658539,33.35925685,123.2939089,0.0,501.741333,501.741333
359,현동,2012-09-19,0.0,0,10819.568981916253,,33905.9255,14.14515039,0.117328539,33.47658539,33.35925685,123.2939089,0.0,501.741333,501.741333
360,현동,2014-08-25,80.0,1,10819.568981916253,,33905.9255,14.14515039,0.117328539,33.47658539,33.35925685,123.2939089,0.0,501.741333,501.741333
361,현동,2016-10-05,72.0,0,10819.568981916253,14472.2038651799,33905.9255,14.14515039,0.117328539,33.47658539,33.35925685,123.2939089,0.0,501.741333,501.741333
362,현동,2019-10-02,73.3,0,10819.568981916253,9681.172784261496,33905.9255,14.14515039,0.117328539,33.47658539,33.35925685,123.2939089,0.0,501.741333,501.741333
363,현동,2019-10-03,0.0,0,10819.568981916253,9681.172784261496,33905.9255,14.14515039,0.117328539,33.47658539,33.35925685,123.2939089,0.0,501.741333,501.741333
364,회성동,2012-09-17,25.0,0,6539.62455352558,,18228.87801,15.4613045,0.544748604,34.78438187,34.23963326,202.4747922,29.93644333,710.5639038,680.6274605
365,회성동,2012-09-18,0.0,0,6539.62455352558,,18228.87801,15.4613045,0.544748604,34.78438187,34.23963326,202.4747922,29.93644333,710.5639038,680.6274605
366,회성동,2012-09-19,0.0,0,6539.62455352558,,18228.87801,15.4613045,0.544748604,34.78438187,34.23963326,202.4747922,29.93644333,710.5639038,680.6274605
367,회성동,2014-08-25,71.0,0,6539.62455352558,,18228.87801,15.4613045,0.544748604,34.78438187,34.23963326,202.4747922,29.93644333,710.5639038,680.6274605
368,회성동,2016-10-05,68.6,0,6539.62455352558,18889.561126567594,18228.87801,15.4613045,0.544748604,34.78438187,34.23963326,202.4747922,29.93644333,710.5639038,680.6274605
369,회성동,2019-10-02,46.0,0,6539.62455352558,13702.032132633549,18228.87801,15.4613045,0.544748604,34.78438187,34.23963326,202.4747922,29.93644333,710.5639038,680.6274605
370,회성동,2019-10-03,0.0,0,6539.62455352558,13702.032132633549,18228.87801,15.4613045,0.544748604,34.78438187,34.23963326,202.4747922,29.93644333,710.5639038,680.6274605
371,회원1동,2012-09-17,23.0,0,4936.499037864611,,289.9910961,3.37198949,0.104348846,12.72892761,12.62457877,32.79933774,15.31626701,80.76287079,65.44660378
372,회원1동,2012-09-18,0.0,0,4936.499037864611,,289.9910961,3.37198949,0.104348846,12.72892761,12.62457877,32.79933774,15.31626701,80.76287079,65.44660378
373,회원1동,2012-09-19,0.0,0,4936.499037864611,,289.9910961,3.37198949,0.104348846,12.72892761,12.62457877,32.79933774,15.31626701,80.76287079,65.44660378
374,회원1동,2014-08-25,77.0,0,4936.499037864611,,289.9910961,3.37198949,0.104348846,12.72892761,12.62457877,32.79933774,15.31626701,80.76287079,65.44660378
375,회원1동,2016-10-05,78.4,0,4936.499037864611,20254.18605333507,289.9910961,3.37198949,0.104348846,12.72892761,12.62457877,32.79933774,15.31626701,80.76287079,65.44660378
376,회원1동,2019-10-02,73.3,0,4936.499037864611,14250.43215128099,289.9910961,3.37198949,0.104348846,12.72892761,12.62457877,32.79933774,15.31626701,80.76287079,65.44660378
377,회원1동,2019-10-03,0.0,0,4936.499037864611,14250.43215128099,289.9910961,3.37198949,0.104348846,12.72892761,12.62457877,32.79933774,15.31626701,80.76287079,65.44660378
378,회원2동,2012-09-17,23.0,0,1033.3577763509418,,7161.298908,16.88985592,1.143088579,37.97616959,36.83308101,233.6735954,36.67019272,681.8519897,645.181797
379,회원2동,2012-09-18,0.0,0,1033.3577763509418,,7161.298908,16.88985592,1.143088579,37.97616959,36.83308101,233.6735954,36.67019272,681.8519897,645.181797
380,회원2동,2012-09-19,0.0,0,1033.3577763509418,,7161.298908,16.88985592,1.143088579,37.97616959,36.83308101,233.6735954,36.67019272,681.8519897,645.181797
381,회원2동,2014-08-25,77.0,0,1033.3577763509418,,7161.298908,16.88985592,1.143088579,37.97616959,36.83308101,233.6735954,36.67019272,681.8519897,645.181797
382,회원2동,2016-10-05,78.4,0,1033.3577763509418,24232.142156855,7161.298908,16.88985592,1.143088579,37.97616959,36.83308101,233.6735954,36.67019272,681.8519897,645.181797
383,회원2동,2019-10-02,73.3,0,1033.3577763509418,18280.18163331136,7161.298908,16.88985592,1.143088579,37.97616959,36.83308101,233.6735954,36.67019272,681.8519897,645.181797
384,회원2동,2019-10-03,0.0,0,1033.3577763509418,18280.18163331136,7161.298908,16.88985592,1.143088579,37.97616959,36.83308101,233.6735954,36.67019272,681.8519897,645.181797
